Code;Product;Quantity;Price
AS469;ZIPPER BAG ;;32,00
AS462;WHITEBOARD DUSTER COMPACT SZIE;;13,50
AS466;WHITE CHALK 12;;19,00
AS451;WATER COLOUR PAINTS 12 COLOUR ;;30,00
AS463;W/B MARKERS WALLET 4 SLIMLINE ;;36,00
AS464;W/B MARKER BLACK;;8,00
AS459;VERBATIM DVD+R PRINTABLE  PK 10;;360,00
AS456;VERBATIM CD-R 700MB SPINDLE 25;;265,00
AS455;VERBATIM CD-R 700MB 80  MIN ;;25,00
AS457;VERBATIM CD- REWRITABLE ;;350,00
AS454;VERBATIM 16GB ;;90,00
AS139;UNICLIC GEL 0.7 BLUE ;;19,00
AS140;UNICLIC GEL 0.7 BLACK;;19,00
AS408;TRIANGULAR SCALE RULER ;;55,00
AS212;TRIANGULAR PENCIL GRIP ;;11,00
AS209;TRIANGULAR BEGINNERS PENCIL;;4,50
AS232;TREELINE WAX CRAYONS 24;;20,00
AS231;TREELINE WAX CRAYONS 12;;12,00
AS252;TREELINE TWISTERS 12;;46,00
AS446;TREELINE PLAY DOUGH SET 5 500G;;55,00
AS260;TREELINE OIL PASTEL 24;;32,00
AS259;TREELINE OIL PASTEL 12;;22,00
AS141;TREELINE LARGE ERASER;;5,00
AS233;TREELINE JUMBO CRAYON 9S;;25,00
AS248;TREELINE JUMBO BEGINNERS COLOUR PENCIL 12'S;;42,00
AS320;TREELINE H/S STAPLER ;;45,00
;TREELINE GLUE STICK 36G;;18,00
AS593;TREELINE GLUE STICK 25G;;14,00
AS340;TREELINE 50 POCKET ;;45,00
AS339;TREELINE 40 POCKET;;35,00
AS338;TREELINE 30 POCKET ;;26,00
AS337;TREELINE 20 POCKET ;;18,80
AS336;TREELINE 10 POCKET ;;13,50
AS319;TORTOISE SHELL SCISSORS 210MM;;29,00
AS316;TORTOISE SHELL SCISSOR 165MM;;29,00
AS283;TOILET ROLLS-PACK OF 10;;35,00
AS473;TISSUE WHITE PACK 100;;25,00
AS426;TEDDY CHUBBY PASTELS ;;55,00
AS304;TARTAN PENCIL CASE 34CM;;32,00
AS303;TARTAN PENCIL CASE 20CM;;28,00
AS318;STUDENT SCISSORS 165MM;;18,00
AS330;STUDENT PUNCH 20 SHEET ;;45,00
AS321;STAPLE REMOVER;;15,00
AS230;STAEDTLER WAX CRAYON JUMBO 9S;;52,00
AS229;STAEDTLER WAX CRAYON 24;;42,00
AS228;STAEDTLER WAX CRAYON 12;;27,00
AS183;STAEDTLER PENCIL HB ;;12,00
AS190;STAEDTLER PENCIL H ;;12,00
AS184;STAEDTLER PENCIL B;;12,00
AS195;STAEDTLER PENCIL 6H ;;12,00
AS189;STAEDTLER PENCIL 6B;;12,00
AS194;STAEDTLER PENCIL 5H ;;12,00
AS188;STAEDTLER PENCIL 5B;;12,00
AS193;STAEDTLER PENCIL 4H ;;12,00
AS187;STAEDTLER PENCIL 4B;;12,00
AS192;STAEDTLER PENCIL 3H ;;12,00
AS186;STAEDTLER PENCIL 3B ;;12,00
AS191;STAEDTLER PENCIL 2H;;12,00
AS185;STAEDTLER PENCIL 2B;;12,00
AS261;STAEDTLER OIL PASTEL ;;55,00
AS998;STAEDTLER JUMBO COLOURING PENCIL 10'S;;120,00
AS182;STAEDTLER HB PENCIL ;;138,00
AS210;STAEDTLER ERGOSOFT PENCIL ;;19,00
AS247;STAEDTLER COLOUR PENCIL 24;;92,00
AS246;STAEDTLER COLOUR PENCIL 12;;43,00
AS239;STABILO COLOURED PENCIL 12;;59,00
AS242;STABILO COLOURED PEN 24;;120,00
AS135;STABILO CLIC SET 6 ;;52,00
AS137;STABILO CLIC BLUE;;9,50
AS138;STABILO CLIC BLACK ;;9,50
AS240;STABILO AQUACOLOUR PENCIL 12;;110,00
AS471;SKIPPING ROPE 2M ;;28,00
AS284;SHUTERS MACMILLAN NEW ATLAS SA;;269,00
AS289;SHARP SCIENTIFIC CALCULATOR EL531WHB ;;179,00
AS290;SHARP EL-W535HT WRITE VIEW SCIENTIFIC CALCULATOR;;385,00
AS288;SHARP EL231LB BASIC 4 FUNCTION 8DIGIT ;;79,00
AS084;SELLO TAPE 12X50;;9,50
AS083;SELLO TAPE 12X33;;5,00
AS271;SECONDARY SCHOOL DICTIONARY ;;250,00
AS041;SCRAP BOOK ;;90,00
AS317;SCISSORS LEFT HANDED 167MM;;18,00
AS277;SCHOLARS ZULU GR DENT DICTONARY;;250,00
AS412;SANDBLOCK FABER CASTELL ;;39,00
AS274;SA ILLUSTRATED DICTIONARY ;;189,00
AS235;ROLFES WAX CRAYONS 24;;40,00
AS234;ROLFES WAX CRAYONS 12;;23,00
AS380;RING REINFORCEMENTS ;;18,00
AS146;RETRACTABLE ERASER ;;15,00
AS218;REFILL LEAD HB 0.5MM;;29,00
AS217;REFILL LEAD HB 0.3MM;;29,00
AS411;RADIUS CURVE TEMPLATE ;;46,00
AS312;PVC MEASURING TAPE 150CM;;15,00
AS329;PUNCH 25 SHEETS ;;55,00
AS227;PRITT WAX CRAYON 24;;69,00
AS226;PRITT WAX CRAYON 12;;52,00
AS073;PRITT LARGE 22G ;;34,50
AS074;PRITT JUMBO 43G;;44,00
AS367;PRESENTATION FOLDER YELLOW;;8,00
AS365;PRESENTATION FOLDER RED;;8,00
AS366;PRESENTATION FOLDER ORANGE ;;8,00
AS370;PRESENTATION FOLDER LIGHT BLUE  ;;8,00
AS369;PRESENTATION FOLDER GREEN ;;8,00
AS368;PRESENTATION FOLDER BLUE ;;8,00
AS364;PRESENTATION FOLDER BLACK ;;8,00
AS395;PRECISION COMPASS WITH EXTENSION AND DIVIDER ;;165,00
AS397;PRECISION COMPASS ;;140,00
AS377;PP DIVIDERS SET 5 ;;12,00
AS378;PP DIVIDERS SET 10 ;;17,00
AS427;POSTER PAINT SET 6;;125,00
AS082;PONAL WOOD GLUE 120ML;;49,00
AS072;PONAL WOOD GLUE 100ML;;42,00
AS447;PLAY DOUGH 500G;;75,00
AS374;PLASTIC POCKETS PACK OF 10;;12,00
AS311;PLASTIC LETTERING STENCIL ;;49,00
AS119;PILOT VB7 LIQUID R/BALL BLUE ;;39,00
AS120;PILOT VB7 LIQUID R/BALL BLACK;;39,00
AS121;PILOT V PEN DISPOSABLE FOUNTAIN PEN BLUE ;;98,00
AS122;PILOT V PEN DISPOSABLE FOUNTAIN PEN BLACK  ;;98,00
AS127;PILOT V BALL GRIP BLUE ;;39,00
AS128;PILOT V BALL GRIP BLACK ;;39,00
AS215;PILOT PROGREX CLUTCH PENCIL 0.5;;22,00
AS169;PILOT FINELINER RED ;;21,00
AS171;PILOT FINELINER GREEN ;;21,00
AS170;PILOT FINELINER BLUE ;;21,00
AS168;PILOT FINELINER BLACK ;;21,00
AS144;PILOT ERASER LARGE ;;19,00
AS104;PILOT BPS MEDIUM VIOLET;;16,50
AS102;PILOT BPS MEDIUM RED ;;16,50
AS105;PILOT BPS MEDIUM PINK ;;16,50
AS103;PILOT BPS MEDIUM GREEN ;;16,50
AS100;PILOT BPS MED BLUE ;;16,50
AS101;PILOT BPS MED BLACK;;16,50
AS106;PILOT BPS FINE BLUE ;;16,50
AS107;PILOT BPS FINE BLACK ;;16,50
AS124;PILOT BLG 207 WALLET 4  METALLIC ;;129,00
AS123;PILOT BLG 207 WALLET 4 ;;129,00
AS115;PILOT BLG 2 BLUE  ;;29,00
AS116;PILOT BLG 2 BLACK ;;29,00
AS117;PILOT ACROBALL BLUE ;;34,00
AS118;PILOT ACROBALL BLACK ;;34,00
AS403;PILOT 0.3 TECHNICAL CLUTCH PENCIL ;;55,00
AS265;PHAROS TWEETALIGE SAKWOORDEBOEK;;245,00
AS268;PHAROS KLEIN WOORDEBOEK ;;179,00
AS267;PHAROS BEKNOPTE VERKLARENDE ;;255,00
AS160;PERMANENT MARKER RED;;8,00
AS159;PERMANENT MARKER BLUE ;;8,00
AS161;PERMANENT MARKER BLACK;;8,00
AS465;PENTEL W/B MARKER BLACK ;;32,00
AS258;PENTEL OIL PASTELS 25;;77,00
AS257;PENTEL OIL PASTELS 16;;49,00
AS262;PENTEL OIL PASTEL XXL 24;;98,00
AS221;PENTEL HI POLYMER REFILL LEAD 0.7HB ;;18,00
AS220;PENTEL HI POLYMER REFILL LEAD 0.5 HB;;18,00
AS219;PENTEL HI POLYMER REFILL LEAD 0.3 HB;;18,00
AS133;PENTEL ENERGEL ROLLER BLUE ;;39,00
AS134;PENTEL ENERGEL ROLLER BLACK ;;39,00
AS129;PENTEL ENERGEL RETRACTABLE BLUE ;;39,00
AS130;PENTEL ENERGEL RETRACTABLE BLACK ;;39,00
AS143;PENTEL CORRECTION TAPE ;;46,00
AS147;PENTEL CORRECTION PEN;;46,00
AS131;PENTEL BK77 SUPERB BLUE ;;16,00
AS132;PENTEL BK77 SUPERB BLACK ;;16,00
AS085;PENGUIN WOOD GLUE 125ML;;19,50
AS255;PENGUIN OIL PASTEL 25;;42,00
AS256;PENGUIN OIL PASTEL 16;;29,00
AS150;PENGUIN CORRECTION PEN 12ML ;;13,50
AS216;PENCIL LEAD 0.5MM;;8,00
AS211;PENCIL GRIP TRIPOD ;;11,00
AS308;PARROT FLEXI-GRIP RULER ;;15,00
AS421;PAINT BRUSH NO.6;;8,50
AS419;PAINT BRUSH NO.5;;8,50
AS423;PAINT BRUSH NO.10 ROUND;;15,00
AS422;PAINT BRUSH NO.10 FLAT;;10,50
AS418;PAINT BRUSH NO.1;;7,50
AS420;PAINT BRSUH NO.8;;9,50
AS424;PAINT BRSUH NO.8;;15,00
AS390;PADDED TECHNICAL DRAWING BOARD BAG ;;340,00
AS282;OXFORD SECONDARY ATLAS SA;;365,00
AS263;OXFORD SCHOOL WOORDEBOEK ;;225,00
AS273;OXFORD SA SCHOOL DICTIONARY ;;175,00
AS275;OXFORD SA POCKET DICTIONARY ;;395,00
AS276;OXFORD SA CONCISE DICTIONARY;;715,00
AS270;OXFORD PRIMARY DICTIONARY ;;156,00
AS280;OXFORD PRIMARY ATLAS SA ;;325,00
AS269;OXFORD MINI TWEETALIGE WOORDBOEK ;;175,00
AS414;OXFORD MATHS SET ;;69,00
AS281;OXFORD CODING & ROBOTICS DICTIONARY;;275,00
AS264;OXFORD AFRIKAANS ENGLISH DICTIONARY ;;209,00
AS095;ORANGE FINE RED ;;6,50
AS093;ORANGE FINE BLUE ;;6,50
AS094;ORANGE FINE BLACK ;;6,50
AS266;NUWE TWEETALIGE SAKWOORDEBOEK;;225,00
AS410;NUT AND BOLT TEMPLATE;;41,00
AS136;NORIS BALL PEN SET 10;;46,00
AS253;MONAMI RETRACTABLE 12;;62,00
AS279;MINI SCHOOL THESAURUS ;;155,00
AS272;MINI SCHOOL DICTIONARY ;;179,00
AS323;METAL SHARPENER SINGLE HOLE ;;3,50
AS324;METAL SHARPENER DOUBLE  HOLE ;;6,50
AS300;MCCASEY 3 PENCIL BOX 23CM LONG ;;55,00
AS299;MCCASEY 2 PENCIL BOX 30CM LONG ;;92,00
AS245;MARLIN TRIANGULAR COLOUR PENCIL 12;;26,00
AS296;MARLIN SCIENTIFIC CALCULATOR ;;110,00
AS448;MARLIN PLAY DOUGH SET 4 ;;45,00
AS244;MARLIN COLOUR PENCIL 24;;39,00
AS243;MARLIN COLOUR PENCIL 12;;19,00
AS295;MARLIN 8 DIGIT CALCULATOR ;;39,00
AS394;MAPED STOP SYSTEM COMPASS CLAMPS OPEN ;;80,00
AS393;MAPED SPRINGBOW COMPASS WITH EXTENSION ;;399,00
AS596;MAPED KIDDIES GRIP RULER 30CM;;39,00
AS180;LUXOR PERMANENT MARKER BLACK;;16,00
AS468;LIBRARY BOOK BAG ;;49,00
AS179;LAUNDRY MARKER BLACK;;16,00
AS302;KOKI PENCIL BAG ZIP 33CM;;32,00
AS301;KOKI PENCIL BAG ZIP 22CM;;29,00
AS399;KIDS ART APRON STANDARD  ;;38,00
AS400;KIDDIES ART APRON DOUBLE SIDED ;;69,00
AS314;KID SCISSORS BLUNT NOSE 130MM;;10,50
AS315;JUNIOR TRAINING SCISSORS 4 FINGER GRIP;;22,00
AS445;JUMBO COLOURING BOOK 304 PAGE ;;48,00
AS430;JOVI WHITE PASTE ;;55,00
AS429;JOVI TERACOTTA PASTE;;55,00
AS286;HOMEWORK BOOK;;25,00
AS165;HIGHLIGHTER YELLOW ;;8,00
AS167;HIGHLIGHTER WALLET 4 SLIMLINE ;;32,20
AS166;HIGHLIGHTER WALLET 4;;32,20
AS164;HIGHLIGHTER PINK ;;8,00
AS163;HIGHLIGHTER ORANGE;;8,00
AS162;HIGHLIGHTER GREEN ;;8,00
AS392;HELIX QUICK RELEASE COMPASS ;;310,00
AS181;HB PENCIL BOX 12;;26,00
AS449;GUMMED PAPER SQUARES 20 SHEET ;;35,00
AS081;GLITTER GLUE PACK 5;;32,00
AS327;GENMES DESK SHARPENER ;;149,00
AS293;FX991ES PLUS CASIO ADVANCED ;;749,00
AS111;FRIXION CLICKER VIOLET;;42,00
AS114;FRIXION CLICKER RED ;;42,00
AS112;FRIXION CLICKER PINK ;;42,00
AS109;FRIXION CLICKER LIGHT BLUE ;;42,00
AS110;FRIXION CLICKER GREEN ;;42,00
AS113;FRIXION CLICKER DARK BLUE ;;42,00
AS108;FRIXION CLICKER BLACK;;42,00
AS407;FRENCH CURVE SET OF 3;;34,50
AS409;FLAT SCALE RULER ;;25,00
AS416;FLARD CARD ;;36,00
AS173;FINELINER RED;;5,50
AS175;FINELINER GREEN ;;5,50
AS174;FINELINER BLUE ;;5,50
AS172;FINELINER BLACK ;;5,50
AS153;FIBRE TIP PEN JUMBO 8;;38,00
AS152;FIBRE TIP PEN 24;;42,00
AS151;FIBRE TIP PEN 12;;24,00
AS254;FABER WAX TWISTERS 12 ;;75,00
AS223;FABER CASTELL WAX CRAYON 24;;75,00
AS222;FABER CASTELL WAX CRAYON 12;;40,00
AS225;FABER CASTELL TRIANGULAR WAX 24;;95,00
AS224;FABER CASTELL TRIANGULAR WAX 12;;52,00
AS326;FABER CASTELL PENCIL SHARPENER WITH SHAVING HOLDER ;;15,00
AS250;FABER CASTELL PENCIL CRAYON 24;;96,00
AS142;FABER CASTELL ERASER LARGE ;;12,00
AS391;FABER CASTELL COMPASS DIVIDER 190MM ULTRA ;;375,00
AS249;FABER CASTELL COLOUR PENCILS 12'S;;49,00
AS351;EXPANDING PVC FILE ;;130,00
AS053;EXAMINATION PAD 100 SHEET ;;16,50
AS406;ERASING SHIELD ;;22,00
AS388;DRAWING BOARD BAG ;;150,00
AS306;DENIM PENCIL CASE 24CM;;34,00
AS305;DENIM PENCIL CASE 20CM;;28,00
AS149;DELI CORRECTION PEN;;9,50
AS092;CRYSTAL MEDIUM RED ;;6,50
AS090;CRYSTAL MEDIUM BLUE ;;6,50
AS091;CRYSTAL MEDIUM BLACK ;;6,50
AS453;CROXLEY WATER PAINT SET 21;;69,00
AS452;CROXLEY WATER PAINT SET 12 ;;39,00
AS251;CROXLEY TWISTER RETRACTABLES 12;;52,00
AS236;CROXLEY TRIANGULAR COLOUR PENCIL 12;;41,00
AS331;CROXLEY SINGLE HOLE SHARPENER ;;15,00
AS088;CROXLEY PENS RED EACH;;2,50
AS086;CROXLEY PENS BLUE EACH;;2,50
AS089;CROXLEY PENS BLUE  10S ;;25,00
AS087;CROXLEY PENS BLACK EACH;;2,50
AS196;CROXLEY PENCIL HB ;;5,00
AS197;CROXLEY PENCIL B ;;5,00
AS202;CROXLEY PENCIL 6B;;5,00
AS201;CROXLEY PENCIL 5B ;;5,00
AS200;CROXLEY PENCIL 4B;;5,00
AS199;CROXLEY PENCIL 3B;;5,00
AS198;CROXLEY PENCIL 2B;;5,00
AS413;CROXLEY MATHS SET ;;32,50
AS203;CROXLEY H PENCIL;;5,00
AS071;CROXLEY GLUE STICK 36G JUMBO ;;19,00
AS125;CROXLEY GEL PEN WALLET 6 ;;46,00
AS176;CROXLEY FINELINERS ASSRTD-SET OF 12;;69,00
AS158;CROXLEY FIBRE TIP 24;;60,00
AS157;CROXLEY FIBRE TIP 12;;36,00
AS328;CROXLEY DOUBLE HOLE SHARPENER ;;19,00
AS126;CROXLEY CREATE BALLPOINT PENS ASSORTED 10'S;;35,00
AS238;CROXLEY COLOUR PENCIL 24;;70,00
AS237;CROXLEY COLOUR PENCIL 12;;26,50
AS241;CROXLEY AQUARELLE CRAYONS 12;;45,00
AS208;CROXLEY 6H PENCIL ;;5,00
AS207;CROXLEY 5H PENCIL ;;5,00
AS206;CROXLEY 4H PENCIL ;;5,00
AS205;CROXLEY 3H PENCIL;;5,00
AS204;CROXLEY 2H PENCIL ;;5,00
AS070;CROXLEY 22G GLUE STICK ;;14,40
AS450;CRAFT KNIFE ;;19,00
AS145;CORRECTION TAPE;;18,50
AS148;CORRECTION FLUID ;;12,00
AS325;CONTAINER SHARPENER ONE HOLE ;;12,00
AS396;COMPASS SPRINGBOW WITH EXTENSION SET ;;210,00
AS398;COMPASS QUICK BOW WITH EXTENSION SET ;;210,00
AS444;COLOURING BOOK 48 PAGE ;;15,00
AS443;COLOURING BOOK 240 PAGE ;;42,00
AS068;COLOUR KRAFT ROLL 480MMX2M ;;30,00
AS467;COLOUR CHALK WHITE ;;19,00
AS214;CLUTCH PENCIL HOTSHOTS 0.5;;19,50
AS213;CLUTCH PENCIL ;;12,00
AS066;CLEAR PLASTIC ROLLS SELF ADHESIVE 450X2M ;;32,00
AS065;CLEAR PLASTIC ROLLS 450MMX3M 100MIC-HEAVY  ;;22,00
AS064;CLEAR PLASTIC ROLLS  450MMX3M 60MIC-MEDIUM ;;15,00
AS404;CIRCLE TEMPLATE ;;23,00
AS178;CHISEL MARKER SET 4;;32,20
AS405;CHEMISTRY STENCIL LARGE ;;49,00
AS474;CHAIR BAG 45CM;;69,00
AS458;CD SLEEVES PACK 50 VERBATIM  ;;60,00
AS291;CASIO FX 82ZA PLUS CALCULATOR ;;379,00
AS155;CARIOCA JUMBO SET SET 12;;90,00
AS156;CARIOCA FINE SET 18 ;;69,00
AS154;CARIOCA FELT TIPPED SET 12;;42,00
AS363;BUTTERFLY 50 POCKET FILE;;72,00
AS362;BUTTERFLY 40 POCKET FILE;;49,00
AS361;BUTTERFLY 30 POCKET FILE;;35,00
AS360;BUTTERFLY 20 POCKET FILE;;23,00
AS359;BUTTERFLY 10 POCKET FILE;;17,00
AS067;BROWN PAPER ROLL 480MMX3M ;;9,00
AS077;BOSTIK PRESTIK 100G ;;19,00
AS076;BOSTIK GLUE STICK 36G;;26,00
AS075;BOSTIK GLUE STICK 25G;;19,90
AS078;BOSTIK CLEAR TUBE 25ML ;;25,30
AS470;BOOK BAG ;;48,00
AS375;BOARD DIVIDERS SET 5;;10,50
AS376;BOARD DIVIDERS SET 10;;15,00
AS415;BLUE BOX MATHS SET ;;30,00
AS069;BLUE BOARDER LABELS 24S;;4,00
AS278;BILINGUAL ENGLISH ISIZULU ;;249,00
AS098;BIC CLIC MED RED ;;7,50
AS096;BIC CLIC MED BLUE ;;7,50
AS099;BIC CLIC FINE BLUE ;;8,50
AS097;BIC  CLIC MED BLACK ;;7,50
AS472;BEAN BAG;;22,00
AS298;BANTEX SHUTTLE PENCIL CASE 30CM LONG ;;49,50
AS297;BANTEX SHUTTLE PENCIL CASE 20CM LONG ;;33,00
AS981;BANTEX POSTER PAINT 50ML-PACK OF 6;;90,00
AS520;BANTEX ACRYLIC PAINT 75ML -PACK OF 5;;145,00
AS718;ARTLINE 700 BLACK;;35,00
AS425;ARTISTIC PAINT PALLETTE ;;38,00
AS079;ART AND CRAFT GLUE 100ML ;;36,00
AS313;AMBIDEXTEROUS HANDLE SCISSOR ;;23,00
AS080;ALCOLIN WOOD GLUE 125ML ;;41,00
AS428;ACRYLIC PAINT SET 5;;175,00
AS417;ABACUS 120BEAD ;;59,00
AS050;A6 F/R 72PG SOFT COVER NOTE BOOK ;;5,50
AS032;A6 144PG MEMO INDEXED A-Z ;;35,00
AS031;A6 144PG F/M;;15,00
AS056;A5L H/D 5S;;35,00
AS049;A5L 72PG TRACING BOOK ;;69,00
AS017;A5L 48PG F/R ;;6,90
AS018;A5L 48PG 17MM RULING ;;6,90
AS062;A5 PRECUT RAINBOW COVERS 5S;;13,00
AS060;A5 PRECUT KRAFT COVERS 10S;;12,00
AS287;A5 PAD DIARY HARD COVER ;;75,00
AS027;A5 INDEXED A-Z 144PG ;;49,00
AS055;A5 H/D 5S;;23,00
AS025;A5 96PG F/M ;;13,00
AS016;A5 72PG QUAD RULED &MARGIN ;;4,50
AS015;A5 72PG IRISH RULED &MARGIN ;;4,50
AS014;A5 72PG F/R& MARGIN ;;4,50
AS012;A5 48PG UNRULED ;;3,50
AS011;A5 48PG QUAD RULED  &MARGIN ;;3,50
AS010;A5 48PG F/R &MARGIN ;;3,50
AS023;A5 48PG F/M ;;6,50
AS026;A5 192PG F/M ;;18,00
AS058;A5 10S 50 MICRON ;;18,00
AS045;A4L SKETCH PAD 25SHEETS OPENS FLAT ;;59,00
AS047;A4L SKETCH BOOK 60 SHEET ;;110,00
AS043;A4L 24PG NOT INTERLEAVED ;;19,00
AS461;A4 WHITEBOARD/CHALKBOARD DOUBLE SIDED ;;40,00
AS460;A4 WHITEBOARD ;;30,00
AS052;A4 WHITE 80GSM 500 SHEET PER REAM ;;77,50
AS343;A4 TRUNK BOARD 2R BINER 25MM RED;;29,00
AS344;A4 TRUNK BOARD 2R BINER 25MM GREEN ;;29,00
AS342;A4 TRUNK BOARD 2R BINER 25MM BLUE;;29,00
AS341;A4 TRUNK BOARD 2R BINER 25MM BLACK ;;29,00
AS373;A4 PVC CARRY FOLDER ;;9,00
AS061;A4 PRECUT RAINBOW COVER 5S;;15,00
AS059;A4 PRECUT KRAFT COVERS 10S ;;15,00
AS379;A4 PP CLIPBOARD ;;40,00
AS334;A4 PP 2 R BINDER 25MM RED;;39,00
AS335;A4 PP 2 R BINDER 25MM GREEN ;;39,00
AS333;A4 PP 2 R BINDER 25MM BLUE ;;39,00
AS332;A4 PP 2 R BINDER 25MM BLACK;;39,00
AS348;A4 POLYPROP LEVER ARCH FILES GREEN ;;49,00
AS347;A4 POLYPROP LEVER ARCH FILES BLUE ;;49,00
AS346;A4 POLYPROP LEVER ARCH FILE RED;;49,00
AS345;A4 POLYPROP LEVER ARCH FILE BLACK ;;49,00
AS042;A4 MUSIC BOOK;;55,00
AS349;A4 LEVER ARCH FILE WIDE SPINE 70MM;;29,00
AS350;A4 LEVER ARCH FILE NARROW SPINE 40MM;;32,00
AS036;A4 JOURNAL ;;11,50
AS054;A4 H/D 5S ;;26,00
AS356;A4 FLIP FILE 50 POCKET;;75,00
AS355;A4 FLIP FILE 40 POCKET;;60,00
AS354;A4 FLIP FILE 30 POCKET;;39,00
AS353;A4 FLIP FILE 20 POCKET;;29,00
AS352;A4 FLIP FILE 10 POCKET ;;21,00
AS035;A4 DOUBLE LEDGER ;;11,50
AS744;A4 CANVAS BOARD;;55,00
AS063;A4 BRIGHT PLASTIC COVER 5S ;;29,00
AS371;A4 ACCESSIBLE FILE WITH SPRING CLIP MECHANISM;;19,50
AS038;A4 8MC CREDITORS JOURNAL ;;11,50
AS432;A4 80GSM PAPER PASTELS  100 ;;65,00
AS433;A4 80GSM PAPER FLUORESCENT 50;;60,00
AS431;A4 80GSM PAPER BRIGHT 100 ;;85,00
AS037;A4 8 MC CASH JOURNAL ;;11,50
AS020;A4 72PG UNRULED JOTTER ;;8,50
AS008;A4 72PG UNRULED ;;5,95
AS034;A4 72PG TREBLE CASH ;;11,50
AS040;A4 72PG SOFT COVER IRISH RULED ;;16,50
AS039;A4 72PG SOFT COVER F/R;;16,50
AS007;A4 72PG QUAD RULED&MARGIN ;;5,95
AS006;A4 72PG IRISH RULED &MARGIN ;;5,95
AS024;A4 72PG F/R PERFORATED PAGES PUNCHED ;;19,50
AS019;A4 72PG F/R JOTTER;;8,50
AS005;A4 72PG F/R &MARGIN;;5,95
AS009;A4 72PG 17MM RULED&MARGIN;;5,95
AS021;A4 72PG 17MM F/M ;;9,00
AS004;A4 48PG F/R &MARGIN;;4,50
AS013;A4 48PG 17MM RULED & MARGIN ;;3,50
AS051;A4 36PG F/R GRAPH BOOK ;;13,00
AS002;A4 32PG QUAD ;;3,95
AS001;A4 32PG F/R & MARGIN ;;3,95
AS003;A4 32PG 17MM RULED& MARGIN;;3,95
AS022;A4 32PG 17MM F/M ;;9,00
AS048;A4 30 SHEETS ;;65,00
AS030;A4 3 QUIRE 288PG ;;34,50
AS033;A4 2 QUIRE 192PG QUAD/MARGIN;;26,50
AS029;A4 2 QUIRE 192PG ;;21,85
AS436;A4 160GSM WHITE BOARD 50 ;;55,00
AS435;A4 160GSM BOARD PASTEL 50;;60,00
AS438;A4 160GSM BOARD FLUORESCENT 25;;65,00
AS434;A4 160GSM BOARD BRIGHT 50;;75,00
AS437;A4 160GSM BLACK BOARD 50;;75,00
AS057;A4 10S 50 MICRON ;;22,00
AS028;A4 1 QUIRE 96PG ;;16,50
AS046;A3L SKETCH PAD 40 SHEET OPENS FLAT ;;145,00
AS044;A3L INTERLEAVED WITH TISSUE  32PG ;;55,00
AS382;A3 STUDENT DRAWING BOARD ;;425,00
AS442;A3 PASTEL 160GSM BOARD PAD 20;;65,00
AS383;A3 FULL HOUSE DRAWING BOARD WITH DOUBLE LOCK ;;620,00
AS358;A3 FLIP FILE 20 POCKET;;99,00
AS357;A3 FLIP FILE 10 POCKET;;75,00
AS372;A3 CARRY FOLDER ;;22,00
AS607;A3 CANVAS BOARD;;75,00
AS441;A3 BRIGHT 160GSM BOARD PAD 20;;65,00
AS440;A3 BLACK 160GSM BOARD PAD 20;;65,00
AS381;A3 BASIC DRAWING BOARD;;299,00
AS439;A2 160GSM BOARD ASS/COL PK 5 ;;35,00
AS387;60 DEGREE SET SQUARE 260MM ;;25,00
AS506;50ML HAND SANITISER;;17,99
AS402;50CM FLEXI CURVE ;;69,00
AS401;45CM T SQUARE ;;72,00
AS386;45 DEGREE SET SQUARE 260MM ;;25,00
AS389;360 DEGREE PROTRACTOR 12CM;;19,00
AS310;30CM COLOUR SHATTERPROOF RULER ;;5,50
AS309;30CM CLEAR SHATTERPROOF RULER ;;5,50
AS322;26/6 STAPLES ;;22,00
AS505;200ML HAND WASH;;29,99
AS385;15CM PROTRACTOR 180 DEGREE;;15,00
AS307;15CM CLEAR RULER ;;3,50
AS384;10CM PROTRACTOR 180 DEGREE;;9,00
AS177; PERM MARKER BULLET SET 4 ;;32,20
